pattern_id	join_pattern	n_tables	n_queries	sec_seq	none_seq	additional_at_least_seq	sec_postfilter	none_postfilter	additional_at_least_postfilter	sec_tree_batch_cext	sec_hybrid	switch_to_hybrid	sec_seq_parallel	none_seq_parallel	additional_at_least_seq_parallel	sec_postfilter_parallel	none_postfilter_parallel	additional_at_least_postfilter_parallel	sec_tree_batch_cext_parallel
0	(('b.userid', '=', 'u.id'),)	2	71	2.1232570000000006	0	0.0	0.229804	0	0.0	0.995095	1.497857	TreeBatchCext	3.0534739999999996	0	0.0	0.303714	0	0.0	0.889583
1	(('b.userid', '=', 'u.id'), ('c.userid', '=', 'u.id'))	3	63	46.575150000000015	0	0.0	25.583646	0	0.0	0.697802	0.769703	TreeBatchCext	33.77093500000001	0	0.0	17.194851	0	0.0	0.894154
2	(('c.userid', '=', 'u.id'), ('ph.userid', '=', 'u.id'))	3	50	345.3697420000001	0	0.0	326.381469	0	0.0	0.916543	1.114564	TreeBatchCext	242.09940099999992	0	0.0	226.054437	0	0.0	1.160807
3	(('c.userid', '=', 'u.id'), ('u.id', '=', 'v.userid'))	3	59	23.710296000000003	0	0.0	20.286866	0	0.0	0.534293	0.498513	TreeBatchCext	17.172266999999998	0	0.0	12.7956	0	0.0	0.701133
4	(('b.userid', '=', 'u.id'), ('p.owneruserid', '=', 'u.id'))	3	87	11.355576999999997	0	0.0	13.105893	0	0.0	0.977916	1.19738	TreeBatchCext	13.978721	0	0.0	15.807667	0	0.0	1.297979
5	(('c.userid', '=', 'u.id'), ('p.owneruserid', '=', 'u.id'))	3	38	16.177684	0	0.0	82.496055	0	0.0	0.804883	0.932969	TreeBatchCext	15.962093000000003	0	0.0	57.476083	0	0.0	0.966258
6	(('p.id', '=', 'pl.postid'),)	2	19	0.44393099999999996	0	0.0	0.034872	0	0.0	0.063034	0.115778	TreeBatchCext	0.661467	0	0.0	0.055383	0	0.0	0.065305
7	(('c.userid', '=', 'u.id'), ('p.id', '=', 'pl.postid'), ('p.owneruserid', '=', 'u.id'))	4	2	0.216078	0	0.0	0.195156	0	0.0	0.931455	0.967733	TreeBatchCext	0.22689	0	0.0	0.147572	0	0.0	1.058292
8	(('c.postid', '=', 'p.id'),)	2	48	2.2568610000000002	0	0.0	0.367286	0	0.0	0.480984	0.478884	TreeBatchCext	2.789011	0	0.0	0.27439	0	0.0	0.526528
9	(('c.postid', '=', 'p.id'), ('p.id', '=', 'ph.postid'))	3	71	10.561006	0	0.0	1.582996	0	0.0	2.33398	2.624677	TreeBatchCext	9.982959000000003	0	0.0	1.150019	0	0.0	2.580241
10	(('p.id', '=', 'ph.postid'),)	2	41	2.59008	0	0.0	0.505191	0	0.0	0.715333	0.829935	TreeBatchCext	2.972134999999999	0	0.0	0.384486	0	0.0	0.867851
11	(('c.userid', '=', 'u.id'),)	2	57	2.3789409999999993	0	0.0	0.443212	0	0.0	0.388115	0.631047	TreeBatchCext	2.7486750000000004	0	0.0	0.291193	0	0.0	0.487335
12	(('p.owneruserid', '=', 'u.id'),)	2	71	2.0317479999999994	0	0.0	0.382411	0	0.0	0.330427	0.433038	TreeBatchCext	3.108057000000001	0	0.0	0.476028	0	0.0	0.372762
13	(('ph.userid', '=', 'u.id'),)	2	41	2.274822	0	0.0	0.522843	0	0.0	0.592708	0.725042	TreeBatchCext	2.4936499999999997	0	0.0	0.35257	0	0.0	0.744698
14	(('u.id', '=', 'v.userid'),)	2	47	1.0533879999999998	0	0.0	0.085855	0	0.0	0.103856	0.130749	TreeBatchCext	1.6852410000000007	0	0.0	0.077469	0	0.0	0.137821
15	(('p.id', '=', 't.excerptpostid'),)	2	5	0.014322999999999999	0	0.0	0.011661	0	0.0	0.004987	0.052934	TreeBatchCext	0.030992	0	0.0	0.024015	0	0.0	0.008287
16	(('p.owneruserid', '=', 'u.id'), ('u.id', '=', 'v.userid'))	3	41	5.114646999999999	0	0.0	4.015561	0	0.0	0.648791	0.795341	TreeBatchCext	4.391948	0	0.0	2.838656	0	0.0	0.769215
17	(('p.id', '=', 't.excerptpostid'), ('p.owneruserid', '=', 'u.id'), ('u.id', '=', 'v.userid'))	4	7	0.21189799999999998	0	0.0	0.0505	0	0.0	0.49657	0.646417	TreeBatchCext	0.310402	0	0.0	0.064822	0	0.0	0.598492
18	(('p.id', '=', 'ph.postid'), ('p.id', '=', 'pl.postid'))	3	31	1.1517629999999996	0	0.0	0.131948	0	0.0	1.519551	0.216041	PostFilter	1.344131	0	0.0	0.11832	0	0.0	1.713988
19	(('p.id', '=', 'pl.postid'), ('p.owneruserid', '=', 'u.id'))	3	3	0.102183	0	0.0	0.045202	0	0.0	0.779887	0.099679	PostFilter	0.16688799999999998	0	0.0	0.063041	0	0.0	1.012546
20	(('p.id', '=', 'ph.postid'), ('p.owneruserid', '=', 'u.id'))	3	14	1.2400719999999996	0	0.0	0.388014	0	0.0	2.247133	2.847701	TreeBatchCext	1.3244610000000003	0	0.0	0.294217	0	0.0	2.999891
21	(('p.id', '=', 'v.postid'),)	2	45	3.218452	0	0.0	0.632814	0	0.0	0.908284	0.984229	TreeBatchCext	3.5166560000000007	0	0.0	0.465264	0	0.0	0.989168
22	(('p.id', '=', 'v.postid'), ('u.id', '=', 'v.userid'))	3	1	0.055974	0	0.0	0.055533	0	0.0	0.124638	0.161067	TreeBatchCext	0.093037	0	0.0	0.087022	0	0.0	0.126447
23	(('b.userid', '=', 'u.id'), ('u.id', '=', 'v.userid'))	3	46	4.684835	0	0.0	1.24754	0	0.0	0.511275	0.617834	TreeBatchCext	4.348642	0	0.0	0.899416	0	0.0	0.69872
24	(('c.postid', '=', 'p.id'), ('p.id', '=', 'pl.postid'))	3	31	1.357585	0	0.0	0.098464	0	0.0	1.02071	1.159884	TreeBatchCext	1.2430849999999996	0	0.0	0.093795	0	0.0	1.267638
25	(('c.postid', '=', 'p.id'), ('p.id', '=', 'v.postid'))	3	77	12.561027000000003	0	0.0	2.20976	0	0.0	1.985254	2.110263	TreeBatchCext	11.859399999999997	0	0.0	1.584066	0	0.0	2.151897
26	(('p.id', '=', 'pl.postid'), ('p.id', '=', 'v.postid'))	3	23	1.079342	0	0.0	0.130587	0	0.0	0.913096	1.038564	TreeBatchCext	1.1613820000000001	0	0.0	0.127307	0	0.0	1.116171
27	(('c.postid', '=', 'p.id'), ('p.id', '=', 'pl.postid'), ('p.id', '=', 'v.postid'))	4	23	2.461225	0	0.0	0.372552	0	0.0	1.423266	1.65601	TreeBatchCext	2.2488459999999995	0	0.0	0.307988	0	0.0	1.615408
28	(('c.postid', '=', 'p.id'), ('p.id', '=', 'pl.relatedpostid'))	3	40	1.5406350000000006	0	0.0	0.099119	0	0.0	0.963295	1.162564	TreeBatchCext	1.680345	0	0.0	0.105809	0	0.0	1.182603
29	(('p.id', '=', 'pl.relatedpostid'),)	2	24	0.500942	0	0.0	0.04466	0	0.0	0.048079	0.107433	TreeBatchCext	0.755976	0	0.0	0.062351	0	0.0	0.071059
30	(('c.postid', '=', 'p.id'), ('p.owneruserid', '=', 'u.id'))	3	20	1.197631	0	0.0	0.290089	0	0.0	1.620121	1.887891	TreeBatchCext	1.564044	0	0.0	0.226883	0	0.0	2.149204
31	(('p.id', '=', 'pl.relatedpostid'), ('p.owneruserid', '=', 'u.id'))	3	13	0.35242599999999996	0	0.0	0.052755	0	0.0	0.832625	0.925294	TreeBatchCext	0.563622	0	0.0	0.077875	0	0.0	0.96704
32	(('c.postid', '=', 'p.id'), ('p.id', '=', 'pl.relatedpostid'), ('p.owneruserid', '=', 'u.id'))	4	9	0.369409	0	0.0	0.085639	0	0.0	1.139724	1.540249	TreeBatchCext	0.54394	0	0.0	0.101216	0	0.0	1.52699
33	(('c.userid', '=', 'u.id'), ('p.owneruserid', '=', 'u.id'), ('u.id', '=', 'v.userid'))	4	18	203.979308	0	0.0	None	18	3600.0	0.75247	0.842307	TreeBatchCext	244.33635199999998	0	0.0	None	18	3600.0	1.042897
34	(('b.userid', '=', 'u.id'), ('p.id', '=', 'v.postid'), ('p.owneruserid', '=', 'u.id'))	4	30	12.574188000000003	0	0.0	22.11598	0	0.0	2.602221	2.678192	TreeBatchCext	9.783422999999999	0	0.0	16.645932	0	0.0	2.941374
35	(('p.id', '=', 'v.postid'), ('p.owneruserid', '=', 'u.id'))	3	22	1.9624780000000002	0	0.0	0.518485	0	0.0	1.93005	2.344205	TreeBatchCext	2.1345919999999996	0	0.0	0.404148	0	0.0	2.691289
36	(('b.userid', '=', 'u.id'), ('p.owneruserid', '=', 'u.id'), ('u.id', '=', 'v.userid'))	4	20	480.5921159999999	0	0.0	349.706381	0	0.0	0.781045	0.896159	TreeBatchCext	323.49368400000003	0	0.0	260.318142	0	0.0	1.010349
37	(('ph.userid', '=', 'u.id'), ('u.id', '=', 'v.userid'))	3	32	15.155647000000005	0	0.0	12.680335	0	0.0	0.829012	0.740974	TreeBatchCext	10.271753000000002	0	0.0	8.3719	0	0.0	0.924848
38	(('c.userid', '=', 'u.id'), ('ph.userid', '=', 'u.id'), ('u.id', '=', 'v.userid'))	4	20	None	3	2700.0	None	20	3600.0	0.853344	0.831846	TreeBatchCext	None	3	2700.0	None	20	3600.0	1.036616
39	(('b.userid', '=', 'u.id'), ('c.userid', '=', 'u.id'), ('u.id', '=', 'v.userid'))	4	18	965.5075579999998	0	0.0	1193.725322	0	0.0	0.732617	0.814789	TreeBatchCext	565.58677	0	0.0	787.020998	0	0.0	1.025686
40	(('p.id', '=', 'ph.postid'), ('p.id', '=', 'v.postid'))	3	65	16.207401999999995	0	0.0	2.770295	0	0.0	2.669669	2.768955	TreeBatchCext	12.771740999999997	0	0.0	1.972899	0	0.0	3.086513
41	(('c.postid', '=', 'p.id'), ('p.id', '=', 'ph.postid'), ('p.id', '=', 'pl.postid'))	4	29	2.1415369999999996	0	0.0	0.322478	0	0.0	1.885417	2.016838	TreeBatchCext	2.158046	0	0.0	0.280904	0	0.0	2.121745
42	(('c.postid', '=', 'p.id'), ('p.id', '=', 'ph.postid'), ('p.id', '=', 'v.postid'))	4	59	30.718360999999998	0	0.0	9.536843	0	0.0	2.975812	3.190579	TreeBatchCext	18.670313	0	0.0	6.01572	0	0.0	3.308177
43	(('p.id', '=', 'ph.postid'), ('p.id', '=', 'pl.postid'), ('p.id', '=', 'v.postid'))	4	21	2.426367	0	0.0	0.543991	0	0.0	1.740061	1.842144	TreeBatchCext	2.1403130000000004	0	0.0	0.440315	0	0.0	1.862872
44	(('c.postid', '=', 'p.id'), ('p.id', '=', 'ph.postid'), ('p.id', '=', 'pl.postid'), ('p.id', '=', 'v.postid'))	5	21	6.42701	0	0.0	2.348645	0	0.0	1.992703	2.216799	TreeBatchCext	4.923515999999999	0	0.0	1.80757	0	0.0	2.367077
45	(('b.userid', '=', 'u.id'), ('ph.userid', '=', 'u.id'))	3	54	37.41872899999999	0	0.0	23.204802	0	0.0	1.063676	1.161533	TreeBatchCext	26.76776399999999	0	0.0	16.6014	0	0.0	1.212712
46	(('b.userid', '=', 'u.id'), ('c.userid', '=', 'u.id'), ('ph.userid', '=', 'u.id'))	4	26	None	9	8100.0	None	26	3600.0	1.133857	1.281051	TreeBatchCext	None	9	8100.0	None	26	3600.0	1.498115
47	(('b.userid', '=', 'u.id'), ('p.id', '=', 'pl.relatedpostid'), ('p.owneruserid', '=', 'u.id'))	4	24	1.1276259999999998	0	0.0	0.366562	0	0.0	1.13461	1.239262	TreeBatchCext	1.618948	0	0.0	0.508218	0	0.0	1.38896
48	(('p.id', '=', 'ph.postid'), ('p.id', '=', 'v.postid'), ('p.owneruserid', '=', 'u.id'))	4	12	3.6593860000000005	0	0.0	1.284445	0	0.0	3.147069	4.284106	TreeBatchCext	2.024249	0	0.0	0.939459	0	0.0	4.142842
49	(('p.owneruserid', '=', 'u.id'), ('ph.userid', '=', 'u.id'))	3	42	40.80974099999998	0	0.0	76.358513	0	0.0	1.30503	1.424383	TreeBatchCext	42.46697299999998	0	0.0	55.651486	0	0.0	1.455745
50	(('b.userid', '=', 'u.id'), ('p.owneruserid', '=', 'u.id'), ('ph.userid', '=', 'u.id'))	4	30	5958.35119	0	0.0	None	30	3600.0	1.574111	1.772242	TreeBatchCext	4089.868733	0	0.0	None	30	3600.0	1.928863
51	(('b.userid', '=', 'u.id'), ('ph.userid', '=', 'u.id'), ('u.id', '=', 'v.userid'))	4	16	1956.397069	0	0.0	1864.192945	0	0.0	0.995378	0.967273	TreeBatchCext	948.4394120000001	0	0.0	1047.756898	0	0.0	1.243245
52	(('c.userid', '=', 'u.id'), ('p.owneruserid', '=', 'u.id'), ('ph.userid', '=', 'u.id'))	4	16	379.059574	0	0.0	None	16	3600.0	1.432847	1.526027	TreeBatchCext	224.18672100000003	0	0.0	None	16	3600.0	1.595097
53	(('p.owneruserid', '=', 'u.id'), ('ph.userid', '=', 'u.id'), ('u.id', '=', 'v.userid'))	4	10	1276.8459400000002	0	0.0	None	10	3600.0	1.034322	1.169131	TreeBatchCext	1231.245831	0	0.0	None	10	3600.0	1.397448
54	(('c.userid', '=', 'u.id'), ('p.owneruserid', '=', 'u.id'), ('ph.userid', '=', 'u.id'), ('u.id', '=', 'v.userid'))	5	6	1203.704283	0	0.0	None	6	3600.0	0.895344	1.060164	TreeBatchCext	1371.299543	0	0.0	None	6	3600.0	1.142285
55	(('b.userid', '=', 'u.id'), ('c.userid', '=', 'u.id'), ('ph.userid', '=', 'u.id'), ('u.id', '=', 'v.userid'))	5	4	None	2	1800.0	None	4	3600.0	0.817315	0.917727	TreeBatchCext	None	2	1800.0	None	4	3600.0	1.067476
56	(('b.userid', '=', 'u.id'), ('c.userid', '=', 'u.id'), ('p.owneruserid', '=', 'u.id'))	4	14	307.8490900000001	0	0.0	None	14	3600.0	1.045657	1.233272	TreeBatchCext	596.2786770000001	0	0.0	None	14	3600.0	1.383308
57	(('b.userid', '=', 'u.id'), ('c.userid', '=', 'u.id'), ('p.owneruserid', '=', 'u.id'), ('u.id', '=', 'v.userid'))	5	4	None	1	900.0	None	4	3600.0	0.72712	0.845106	TreeBatchCext	None	1	900.0	None	4	3600.0	0.92617
58	(('b.userid', '=', 'u.id'), ('c.userid', '=', 'u.id'), ('p.owneruserid', '=', 'u.id'), ('ph.userid', '=', 'u.id'))	5	10	None	4	3600.0	None	10	3600.0	1.253475	1.382105	TreeBatchCext	None	4	3600.0	None	10	3600.0	1.69381
59	(('b.userid', '=', 'u.id'), ('c.postid', '=', 'p.id'), ('p.owneruserid', '=', 'u.id'))	4	30	5.119495	0	0.0	8.03973	0	0.0	2.037943	2.105472	TreeBatchCext	4.812558000000001	0	0.0	5.610755	0	0.0	2.355735
60	(('b.userid', '=', 'u.id'), ('c.postid', '=', 'p.id'), ('p.id', '=', 'pl.relatedpostid'), ('p.owneruserid', '=', 'u.id'))	5	16	1.280337	0	0.0	0.84047	0	0.0	1.432238	1.722729	TreeBatchCext	1.497014	0	0.0	0.751186	0	0.0	1.737623
61	(('p.id', '=', 't.excerptpostid'), ('p.owneruserid', '=', 'u.id'))	3	4	0.042661000000000004	0	0.0	0.023044	0	0.0	0.444125	0.610459	TreeBatchCext	0.07613500000000001	0	0.0	0.026542	0	0.0	0.623758
62	(('p.id', '=', 't.excerptpostid'), ('p.owneruserid', '=', 'u.id'), ('ph.userid', '=', 'u.id'))	4	2	0.202016	0	0.0	0.24581	0	0.0	0.497463	0.31277	SeqProc	0.287448	0	0.0	0.357357	0	0.0	0.627217
63	(('b.userid', '=', 'u.id'), ('p.id', '=', 't.excerptpostid'), ('p.owneruserid', '=', 'u.id'))	4	8	0.22634100000000001	0	0.0	0.054281	0	0.0	0.910118	1.130151	TreeBatchCext	0.316829	0	0.0	0.071715	0	0.0	1.14444
64	(('b.userid', '=', 'u.id'), ('p.id', '=', 't.excerptpostid'), ('p.owneruserid', '=', 'u.id'), ('ph.userid', '=', 'u.id'))	5	2	31.113644	0	0.0	59.235056	0	0.0	0.886863	42.725033	SeqProc	21.774649	0	0.0	79.958827	0	0.0	1.064973
65	(('b.userid', '=', 'u.id'), ('p.id', '=', 't.excerptpostid'), ('p.owneruserid', '=', 'u.id'), ('u.id', '=', 'v.userid'))	5	6	10.520982	0	0.0	6.547959	0	0.0	0.897171	1.037672	TreeBatchCext	11.486675	0	0.0	8.362843	0	0.0	1.111563
66	(('p.id', '=', 'pl.relatedpostid'), ('p.owneruserid', '=', 'u.id'), ('ph.userid', '=', 'u.id'))	4	4	0.562865	0	0.0	0.757292	0	0.0	1.051025	0.967805	TreeBatchCext	0.790299	0	0.0	0.47955	0	0.0	1.19369
67	(('p.id', '=', 'pl.relatedpostid'), ('p.owneruserid', '=', 'u.id'), ('u.id', '=', 'v.userid'))	4	4	0.290493	0	0.0	0.106347	0	0.0	0.824924	0.795983	TreeBatchCext	0.413171	0	0.0	0.119563	0	0.0	0.942037
68	(('p.id', '=', 'pl.relatedpostid'), ('p.owneruserid', '=', 'u.id'), ('ph.userid', '=', 'u.id'), ('u.id', '=', 'v.userid'))	5	4	34.088285000000006	0	0.0	70.6284	0	0.0	0.987203	0.958409	TreeBatchCext	31.526141000000003	0	0.0	50.131216	0	0.0	1.189795
69	(('b.userid', '=', 'u.id'), ('p.id', '=', 'pl.relatedpostid'), ('p.owneruserid', '=', 'u.id'), ('ph.userid', '=', 'u.id'))	5	4	19.124651999999998	0	0.0	72.644744	0	0.0	1.249092	1.199042	TreeBatchCext	14.086236	0	0.0	51.300224	0	0.0	1.600513
70	(('b.userid', '=', 'u.id'), ('p.id', '=', 'pl.relatedpostid'), ('p.owneruserid', '=', 'u.id'), ('u.id', '=', 'v.userid'))	5	4	11.369124999999999	0	0.0	6.105212	0	0.0	1.166479	1.105686	TreeBatchCext	7.3572690000000005	0	0.0	4.387391	0	0.0	1.304453
71	(('b.userid', '=', 'u.id'), ('p.owneruserid', '=', 'u.id'), ('ph.userid', '=', 'u.id'), ('u.id', '=', 'v.userid'))	5	4	None	2	1800.0	None	4	3600.0	1.081543	1.077785	TreeBatchCext	None	2	1800.0	None	4	3600.0	1.297548
72	(('b.userid', '=', 'u.id'), ('p.id', '=', 'pl.relatedpostid'), ('p.owneruserid', '=', 'u.id'), ('ph.userid', '=', 'u.id'), ('u.id', '=', 'v.userid'))	6	4	None	1	900.0	None	4	3600.0	1.250727	1.292923	TreeBatchCext	None	2	1800.0	None	4	3600.0	1.565807
73	(('p.id', '=', 'pl.relatedpostid'), ('p.id', '=', 'v.postid'))	3	30	2.2790519999999996	0	0.0	0.393184	0	0.0	0.956753	0.992147	TreeBatchCext	2.2417030000000002	0	0.0	0.318625	0	0.0	1.089975
74	(('c.postid', '=', 'p.id'), ('p.id', '=', 'pl.relatedpostid'), ('p.id', '=', 'v.postid'))	4	30	3.6888649999999994	0	0.0	1.604987	0	0.0	1.364061	1.442837	TreeBatchCext	4.628769	0	0.0	1.162828	0	0.0	1.650154
75	(('b.userid', '=', 'u.id'), ('c.postid', '=', 'p.id'), ('p.id', '=', 'v.postid'), ('p.owneruserid', '=', 'u.id'))	5	24	20.788288	0	0.0	49.56765	0	0.0	2.673231	3.09806	TreeBatchCext	14.479201000000003	0	0.0	33.786484	0	0.0	3.520614
76	(('c.postid', '=', 'p.id'), ('p.id', '=', 'v.postid'), ('p.owneruserid', '=', 'u.id'))	4	16	2.0379739999999997	0	0.0	1.062848	0	0.0	2.294499	2.828838	TreeBatchCext	2.092766	0	0.0	0.827286	0	0.0	3.407194
77	(('b.userid', '=', 'u.id'), ('p.id', '=', 'pl.relatedpostid'), ('p.id', '=', 'v.postid'), ('p.owneruserid', '=', 'u.id'))	5	10	2.7462340000000007	0	0.0	4.869006	0	0.0	1.469522	1.579011	TreeBatchCext	3.096405	0	0.0	4.113011	0	0.0	1.700381
78	(('p.id', '=', 'pl.relatedpostid'), ('p.id', '=', 'v.postid'), ('p.owneruserid', '=', 'u.id'))	4	5	0.25606300000000004	0	0.0	0.163041	0	0.0	1.151198	1.43406	TreeBatchCext	0.389707	0	0.0	0.173139	0	0.0	1.588876
79	(('b.userid', '=', 'u.id'), ('c.postid', '=', 'p.id'), ('p.id', '=', 'pl.relatedpostid'), ('p.id', '=', 'v.postid'), ('p.owneruserid', '=', 'u.id'))	6	10	9.919104999999998	0	0.0	24.678552	0	0.0	1.810313	12.469278	SeqProc	6.336653999999999	0	0.0	19.175682	0	0.0	2.462098
80	(('c.postid', '=', 'p.id'), ('p.id', '=', 'pl.relatedpostid'), ('p.id', '=', 'v.postid'), ('p.owneruserid', '=', 'u.id'))	5	5	0.446035	0	0.0	0.65476	0	0.0	1.547334	0.654516	SeqProc	0.49902599999999997	0	0.0	0.54119	0	0.0	2.341289
81	(('c.postid', '=', 'p.id'), ('c.userid', '=', 'u.id'), ('u.id', '=', 'v.userid'))	4	8	1.1889090000000002	0	0.0	4.337544	0	0.0	2.395973	2.295653	TreeBatchCext	1.500799	0	0.0	2.984258	0	0.0	2.493122
82	(('c.postid', '=', 'p.id'), ('c.userid', '=', 'u.id'))	3	10	0.579794	0	0.0	0.174988	0	0.0	0.692636	0.697707	TreeBatchCext	0.70539	0	0.0	0.165085	0	0.0	0.776188
83	(('c.postid', '=', 'p.id'), ('c.userid', '=', 'u.id'), ('p.id', '=', 'pl.postid'), ('u.id', '=', 'v.userid'))	5	16	2.6512810000000004	0	0.0	2.539651	0	0.0	2.049199	1.985503	TreeBatchCext	2.6911000000000005	0	0.0	1.69214	0	0.0	2.187235
84	(('c.postid', '=', 'p.id'), ('c.userid', '=', 'u.id'), ('p.id', '=', 'pl.postid'))	4	8	0.35064199999999995	0	0.0	0.081228	0	0.0	2.098776	1.904155	TreeBatchCext	0.38033399999999995	0	0.0	0.097899	0	0.0	2.172654
85	(('c.postid', '=', 'p.id'), ('c.userid', '=', 'u.id'), ('p.id', '=', 'ph.postid'), ('u.id', '=', 'v.userid'))	5	16	18.586288	0	0.0	38.435814	0	0.0	4.721335	4.717639	TreeBatchCext	15.167306000000004	0	0.0	26.729808	0	0.0	4.905655
86	(('c.postid', '=', 'p.id'), ('c.userid', '=', 'u.id'), ('p.id', '=', 'ph.postid'))	4	18	2.605724999999999	0	0.0	0.852012	0	0.0	5.021553	4.885151	TreeBatchCext	2.5452859999999995	0	0.0	0.661771	0	0.0	5.187104
87	(('c.postid', '=', 'p.id'), ('c.userid', '=', 'u.id'), ('p.id', '=', 'ph.postid'), ('p.id', '=', 'pl.postid'), ('u.id', '=', 'v.userid'))	6	16	7.7645100000000005	0	0.0	14.989518	0	0.0	2.836289	2.740335	TreeBatchCext	7.136805	0	0.0	10.713179	0	0.0	3.017428
88	(('c.postid', '=', 'p.id'), ('c.userid', '=', 'u.id'), ('p.id', '=', 'ph.postid'), ('p.id', '=', 'pl.postid'))	5	8	0.5316770000000001	0	0.0	0.240858	0	0.0	2.748265	2.593712	TreeBatchCext	0.564723	0	0.0	0.225661	0	0.0	2.836346
89	(('p.id', '=', 'ph.postid'), ('p.id', '=', 'pl.relatedpostid'))	3	22	0.8667770000000002	0	0.0	0.115921	0	0.0	1.461265	0.197	PostFilter	1.026605	0	0.0	0.119645	0	0.0	1.398836
90	(('b.userid', '=', 'u.id'), ('c.postid', '=', 'p.id'), ('c.userid', '=', 'u.id'))	4	14	11.687319	0	0.0	10.336833	0	0.0	2.579308	2.727486	TreeBatchCext	8.512296	0	0.0	5.339094	0	0.0	2.671434
91	(('c.postid', '=', 'p.id'), ('p.id', '=', 'ph.postid'), ('p.id', '=', 'pl.relatedpostid'))	4	22	1.591234	0	0.0	0.331167	0	0.0	1.699519	1.630637	TreeBatchCext	1.87283	0	0.0	0.272146	0	0.0	1.785332
92	(('b.userid', '=', 'u.id'), ('c.postid', '=', 'p.id'), ('c.userid', '=', 'u.id'), ('p.id', '=', 'pl.relatedpostid'))	5	28	9.136839	0	0.0	3.602295	0	0.0	2.309792	2.194715	TreeBatchCext	8.254058	0	0.0	2.538193	0	0.0	2.624706
93	(('b.userid', '=', 'u.id'), ('c.postid', '=', 'p.id'), ('c.userid', '=', 'u.id'), ('p.id', '=', 'ph.postid'))	5	28	104.37726000000002	0	0.0	71.477385	0	0.0	4.580399	4.461789	TreeBatchCext	72.629872	0	0.0	46.734927	0	0.0	4.875318
94	(('b.userid', '=', 'u.id'), ('c.postid', '=', 'p.id'), ('c.userid', '=', 'u.id'), ('p.id', '=', 'v.postid'))	5	28	103.11938699999997	0	0.0	89.142784	0	0.0	4.211268	4.126068	TreeBatchCext	72.12990999999998	0	0.0	61.777215	0	0.0	4.46969
95	(('p.id', '=', 'ph.postid'), ('p.id', '=', 'pl.relatedpostid'), ('p.id', '=', 'v.postid'))	4	20	4.721341	0	0.0	1.882665	0	0.0	1.731382	1.668804	TreeBatchCext	5.045999999999999	0	0.0	1.307816	0	0.0	1.866806
96	(('c.postid', '=', 'p.id'), ('p.id', '=', 'ph.postid'), ('p.id', '=', 'pl.relatedpostid'), ('p.id', '=', 'v.postid'))	5	20	10.988238000000004	0	0.0	7.921797	0	0.0	2.000653	1.974254	TreeBatchCext	9.80887	0	0.0	7.739631	0	0.0	2.23053
97	(('b.userid', '=', 'u.id'), ('c.postid', '=', 'p.id'), ('c.userid', '=', 'u.id'), ('p.id', '=', 'ph.postid'), ('p.id', '=', 'pl.relatedpostid'))	6	28	45.609185	0	0.0	28.542545	0	0.0	2.737723	2.515349	TreeBatchCext	41.753199	0	0.0	19.986811	0	0.0	2.835383
98	(('b.userid', '=', 'u.id'), ('c.postid', '=', 'p.id'), ('c.userid', '=', 'u.id'), ('p.id', '=', 'pl.relatedpostid'), ('p.id', '=', 'v.postid'))	6	28	145.10922699999998	0	0.0	136.455423	0	0.0	2.26829	2.276366	TreeBatchCext	121.85591	0	0.0	96.285724	0	0.0	2.646745
99	(('b.userid', '=', 'u.id'), ('c.postid', '=', 'p.id'), ('c.userid', '=', 'u.id'), ('p.id', '=', 'ph.postid'), ('p.id', '=', 'v.postid'))	6	28	464.8905149999999	0	0.0	456.96143	0	0.0	4.348743	4.183331	TreeBatchCext	240.10854700000002	0	0.0	316.247186	0	0.0	5.032134
100	(('b.userid', '=', 'u.id'), ('c.postid', '=', 'p.id'), ('c.userid', '=', 'u.id'), ('p.id', '=', 'ph.postid'), ('p.id', '=', 'pl.relatedpostid'), ('p.id', '=', 'v.postid'))	7	28	916.6716540000001	0	0.0	1078.983725	0	0.0	3.090088	2.935835	TreeBatchCext	754.02963	0	0.0	765.396052	0	0.0	3.314229
101	(('b.userid', '=', 'u.id'), ('p.id', '=', 'ph.postid'), ('p.owneruserid', '=', 'u.id'))	4	14	2.8312940000000006	0	0.0	4.39563	0	0.0	2.57018	2.665898	TreeBatchCext	2.996774	0	0.0	3.013951	0	0.0	2.943025
102	(('b.userid', '=', 'u.id'), ('c.postid', '=', 'p.id'), ('p.id', '=', 'ph.postid'), ('p.owneruserid', '=', 'u.id'))	5	14	5.602036	0	0.0	19.00729	0	0.0	2.758536	3.057512	TreeBatchCext	5.541499000000001	0	0.0	8.381523	0	0.0	3.786903
103	(('c.postid', '=', 'p.id'), ('p.id', '=', 'ph.postid'), ('p.owneruserid', '=', 'u.id'))	4	9	1.092418	0	0.0	0.708785	0	0.0	2.624846	3.01471	TreeBatchCext	1.119442	0	0.0	0.573836	0	0.0	3.521078
104	(('b.userid', '=', 'u.id'), ('p.id', '=', 'ph.postid'), ('p.id', '=', 'v.postid'), ('p.owneruserid', '=', 'u.id'))	5	14	11.133944000000001	0	0.0	40.501426	0	0.0	3.342656	3.81083	TreeBatchCext	9.057989000000001	0	0.0	26.140382	0	0.0	4.414249
105	(('b.userid', '=', 'u.id'), ('c.postid', '=', 'p.id'), ('p.id', '=', 'ph.postid'), ('p.id', '=', 'v.postid'), ('p.owneruserid', '=', 'u.id'))	6	14	28.709683	0	0.0	180.109024	0	0.0	3.442642	4.167158	TreeBatchCext	21.850031	0	0.0	87.858941	0	0.0	4.568662
106	(('c.postid', '=', 'p.id'), ('p.id', '=', 'ph.postid'), ('p.id', '=', 'v.postid'), ('p.owneruserid', '=', 'u.id'))	5	9	2.643002	0	0.0	3.708056	0	0.0	3.405834	4.064321	TreeBatchCext	2.4021470000000003	0	0.0	2.036002	0	0.0	4.661858
107	(('c.postid', '=', 'p.id'), ('c.userid', '=', 'u.id'), ('p.id', '=', 'v.postid'))	4	10	1.9070740000000002	0	0.0	0.618955	0	0.0	3.962171	3.758074	TreeBatchCext	1.8100590000000003	0	0.0	0.496795	0	0.0	4.334706
108	(('c.postid', '=', 'p.id'), ('c.userid', '=', 'u.id'), ('p.id', '=', 'pl.relatedpostid'))	4	10	0.488035	0	0.0	0.076629	0	0.0	2.047611	0.138079	PostFilter	0.6115910000000001	0	0.0	0.098881	0	0.0	2.211608
109	(('c.postid', '=', 'p.id'), ('c.userid', '=', 'u.id'), ('p.id', '=', 'ph.postid'), ('p.id', '=', 'pl.relatedpostid'))	5	10	0.878428	0	0.0	0.279174	0	0.0	2.147456	2.104837	TreeBatchCext	1.08628	0	0.0	0.246095	0	0.0	2.415967
110	(('c.postid', '=', 'p.id'), ('c.userid', '=', 'u.id'), ('p.id', '=', 'pl.relatedpostid'), ('p.id', '=', 'v.postid'))	5	8	1.2146780000000001	0	0.0	0.718257	0	0.0	1.884961	1.811102	TreeBatchCext	1.6274309999999998	0	0.0	0.584814	0	0.0	2.094048
111	(('c.postid', '=', 'p.id'), ('c.userid', '=', 'u.id'), ('p.id', '=', 'ph.postid'), ('p.id', '=', 'v.postid'))	5	8	4.4891749999999995	0	0.0	2.703528	0	0.0	3.403406	3.177118	TreeBatchCext	3.31261	0	0.0	1.457567	0	0.0	3.777408
112	(('c.postid', '=', 'p.id'), ('c.userid', '=', 'u.id'), ('p.id', '=', 'ph.postid'), ('p.id', '=', 'pl.relatedpostid'), ('p.id', '=', 'v.postid'))	6	8	10.593974	0	0.0	6.676891	0	0.0	2.30668	2.357436	TreeBatchCext	14.404039999999998	0	0.0	8.770273	0	0.0	2.672437
113	(('c.postid', '=', 'p.id'), ('p.id', '=', 'pl.postid'), ('p.owneruserid', '=', 'u.id'))	4	2	0.100302	0	0.0	0.067736	0	0.0	1.198907	1.169868	TreeBatchCext	0.158453	0	0.0	0.091394	0	0.0	1.562751
114	(('p.id', '=', 'ph.postid'), ('p.id', '=', 'pl.postid'), ('p.owneruserid', '=', 'u.id'))	4	2	0.117377	0	0.0	0.096561	0	0.0	1.521841	1.759455	TreeBatchCext	0.187229	0	0.0	0.113346	0	0.0	1.991904
115	(('p.id', '=', 'pl.postid'), ('p.id', '=', 'v.postid'), ('p.owneruserid', '=', 'u.id'))	4	2	0.115154	0	0.0	0.099706	0	0.0	1.08141	1.232721	TreeBatchCext	0.205111	0	0.0	0.111215	0	0.0	1.405875
116	(('c.postid', '=', 'p.id'), ('p.id', '=', 'ph.postid'), ('p.id', '=', 'pl.postid'), ('p.owneruserid', '=', 'u.id'))	5	2	0.191338	0	0.0	0.174618	0	0.0	1.814759	2.08534	TreeBatchCext	0.247235	0	0.0	0.173655	0	0.0	2.492737
117	(('c.postid', '=', 'p.id'), ('p.id', '=', 'pl.postid'), ('p.id', '=', 'v.postid'), ('p.owneruserid', '=', 'u.id'))	5	2	0.271709	0	0.0	0.216787	0	0.0	1.45592	1.659595	TreeBatchCext	0.334293	0	0.0	0.187548	0	0.0	2.038004
118	(('p.id', '=', 'ph.postid'), ('p.id', '=', 'pl.postid'), ('p.id', '=', 'v.postid'), ('p.owneruserid', '=', 'u.id'))	5	2	0.23367700000000002	0	0.0	0.256151	0	0.0	1.794117	0.380362	SeqProc	0.304311	0	0.0	0.250991	0	0.0	2.448921
119	(('c.postid', '=', 'p.id'), ('p.id', '=', 'ph.postid'), ('p.id', '=', 'pl.postid'), ('p.id', '=', 'v.postid'), ('p.owneruserid', '=', 'u.id'))	6	2	0.621553	0	0.0	0.997636	0	0.0	2.003148	0.87046	SeqProc	0.648601	0	0.0	0.814419	0	0.0	2.828655
